id,user_name,user_password,user_gender,user_phone,user_email,user_birthday,user_icon,user_created_at,user_grade_id,user_valid
51,John Doe,pass123,Male,1234567890,johndoe@example.com,1990-01-01,preset-icon.png,2023-07-13 12:00:00,1,1
52,Jane Smith,secret456,Female,9876543210,janesmith@example.com,1992-05-15,preset-icon.png,2023-07-13 12:00:00,1,1
53,David Johnson,password789,Male,5555555555,davidjohnson@example.com,1988-11-30,preset-icon.png,2023-07-13 12:00:00,1,1
54,Sarah Williams,pass789,Female,6666666666,sarahwilliams@example.com,1995-08-22,preset-icon.png,2023-07-13 12:00:00,1,1
55,Michael Brown,abc123,Male,7777777777,michaelbrown@example.com,1993-04-10,preset-icon.png,2023-07-13 12:00:00,1,1
56,Emily Davis,def456,Female,8888888888,emilydavis@example.com,1991-09-05,preset-icon.png,2023-07-13 12:00:00,1,1
57,Christopher Martinez,qwerty,Male,9999999999,christophermartinez@example.com,1989-03-20,preset-icon.png,2023-07-13 12:00:00,1,1
58,Sophia Anderson,pass789,Female,1111111111,sophiaanderson@example.com,1994-06-12,preset-icon.png,2023-07-13 12:00:00,1,1
59,Matthew Taylor,123456,Male,2222222222,matthewtaylor@example.com,1996-02-28,preset-icon.png,2023-07-13 12:00:00,1,1
60,Olivia Thomas,abc789,Female,3333333333,oliviathomas@example.com,1992-07-25,preset-icon.png,2023-07-13 12:00:00,1,1
61,James Hernandez,password123,Male,4444444444,jameshernandez@example.com,1987-12-10,preset-icon.png,2023-07-13 12:00:00,1,1
62,Ava Wilson,pass123,Female,5555555555,avawilson@example.com,1990-04-03,preset-icon.png,2023-07-13 12:00:00,1,1
63,Joseph Gonzalez,xyz789,Male,6666666666,josephgonzalez@example.com,1993-08-18,preset-icon.png,2023-07-13 12:00:00,1,1
64,Mia Moore,secret123,Female,7777777777,miamoore@example.com,1989-01-02,preset-icon.png,2023-07-13 12:00:00,1,1
65,William Lee,pass456,Male,8888888888,williamlee@example.com,1991-05-17,preset-icon.png,2023-07-13 12:00:00,1,1
66,Isabella Harris,qwerty123,Female,9999999999,isabellaharris@example.com,1988-10-02,preset-icon.png,2023-07-13 12:00:00,1,1
67,Daniel Clark,abc456,Male,1111111111,danielclark@example.com,1995-02-27,preset-icon.png,2023-07-13 12:00:00,1,1
68,Emma Lewis,pass123,Female,2222222222,emmalewis@example.com,1994-07-24,preset-icon.png,2023-07-13 12:00:00,1,1
69,Benjamin Young,xyz456,Male,3333333333,benjaminyoung@example.com,1991-12-09,preset-icon.png,2023-07-13 12:00:00,1,1
70,Sofia Rodriguez,secret789,Female,4444444444,sofiarodriguez@example.com,1993-05-03,preset-icon.png,2023-07-13 12:00:00,1,1
71,Elijah Walker,pass789,Male,5555555555,elijahwalker@example.com,1992-10-18,preset-icon.png,2023-07-13 12:00:00,1,1
72,Avery Hall,abc123,Female,6666666666,averyhall@example.com,1990-03-04,preset-icon.png,2023-07-13 12:00:00,1,1
73,Grace Allen,qwerty456,Female,7777777777,graceallen@example.com,1987-07-29,preset-icon.png,2023-07-13 12:00:00,1,1
74,Samuel Hernandez,pass456,Male,8888888888,samuelhernandez@example.com,1995-01-14,preset-icon.png,2023-07-13 12:00:00,1,1
75,Chloe Turner,xyz123,Female,9999999999,chloeturner@example.com,1993-06-28,preset-icon.png,2023-07-13 12:00:00,1,1
76,Henry Parker,abc789,Male,1111111111,henryparker@example.com,1992-11-12,preset-icon.png,2023-07-13 12:00:00,1,1
77,Victoria Coleman,password123,Female,2222222222,victoriacoleman@example.com,1990-04-29,preset-icon.png,2023-07-13 12:00:00,1,1
78,Andrew Cook,pass789,Male,3333333333,andrewcook@example.com,1988-09-13,preset-icon.png,2023-07-13 12:00:00,1,1
79,Scarlett Cooper,xyz789,Female,4444444444,scarlettcooper@example.com,1995-02-28,preset-icon.png,2023-07-13 12:00:00,1,1
80,Josephine Hill,secret123,Female,5555555555,josephinehill@example.com,1991-07-15,preset-icon.png,2023-07-13 12:00:00,1,1
81,Jack Wright,pass123,Male,6666666666,jackwright@example.com,1993-11-30,preset-icon.png,2023-07-13 12:00:00,1,1
82,Penelope Ward,abc456,Female,7777777777,penelopeward@example.com,1990-04-16,preset-icon.png,2023-07-13 12:00:00,1,1
83,Lucas Mitchell,pass789,Male,8888888888,lucasmitchell@example.com,1994-08-02,preset-icon.png,2023-07-13 12:00:00,1,1
84,Aria Bell,xyz456,Female,9999999999,ariabell@example.com,1990-12-18,preset-icon.png,2023-07-13 12:00:00,1,1
85,Gabriel Turner,secret789,Male,1111111111,gabrielturner@example.com,1992-05-03,preset-icon.png,2023-07-13 12:00:00,1,1
86,Mila Scott,pass123,Female,2222222222,milascott@example.com,1995-09-17,preset-icon.png,2023-07-13 12:00:00,1,1
87,Carter Morgan,abc123,Male,3333333333,cartermorgan@example.com,1987-02-02,preset-icon.png,2023-07-13 12:00:00,1,1
88,Abigail Murphy,qwerty123,Female,4444444444,abigailmurphy@example.com,1993-07-18,preset-icon.png,2023-07-13 12:00:00,1,1
89,Dylan Allen,pass456,Male,5555555555,dylanallen@example.com,1991-12-03,preset-icon.png,2023-07-13 12:00:00,1,1
90,Sophie Adams,xyz789,Female,6666666666,sophieadams@example.com,1990-05-18,preset-icon.png,2023-07-13 12:00:00,1,1
91,Owen Lewis,secret123,Male,7777777777,owenlewis@example.com,1988-10-02,preset-icon.png,2023-07-13 12:00:00,1,1
92,Elizabeth Young,pass123,Female,8888888888,elizabethyoung@example.com,1993-02-16,preset-icon.png,2023-07-13 12:00:00,1,1
93,Luke Hall,abc789,Male,9999999999,lukehall@example.com,1992-07-03,preset-icon.png,2023-07-13 12:00:00,1,1
94,Scarlett Hill,qwerty456,Female,1111111111,scarletthill@example.com,1989-11-18,preset-icon.png,2023-07-13 12:00:00,1,1
95,Julian Hernandez,pass456,Male,2222222222,julianhernandez@example.com,1994-04-05,preset-icon.png,2023-07-13 12:00:00,1,1
96,Avery Rodriguez,xyz123,Female,3333333333,averyrodriguez@example.com,1991-08-20,preset-icon.png,2023-07-13 12:00:00,1,1
97,Sofia Walker,secret789,Female,4444444444,sofiawalker@example.com,1993-01-05,preset-icon.png,2023-07-13 12:00:00,1,1
98,Sebastian Turner,pass789,Male,5555555555,sebastianturner@example.com,1992-06-20,preset-icon.png,2023-07-13 12:00:00,1,1
99,Lucy Foster,abc123,Female,6666666666,lucyfoster@example.com,1990-11-05,preset-icon.png,2023-07-13 12:00:00,1,1
100,Connor Powell,qwerty789,Male,7777777777,connorpowell@example.com,1988-04-20,preset-icon.png,2023-07-13 12:00:00,1,1
